"""Datum"",""Sonnenaufgang"",""Sonnenuntergang"",""Mittag"",""Sonnenlicht (Std.)"",""DST"""
"""Mittwoch, 01. Januar 2020"",""08:02:19"",""16:31:50"",""12:17:04"",""08:29:31"",""nein"""
"""Donnerstag, 02. Januar 2020"",""08:02:18"",""16:32:48"",""12:17:33"",""08:30:30"",""nein"""
"""Freitag, 03. Januar 2020"",""08:02:14"",""16:33:47"",""12:18:01"",""08:31:33"",""nein"""
"""Samstag, 04. Januar 2020"",""08:02:07"",""16:34:49"",""12:18:28"",""08:32:42"",""nein"""
"""Sonntag, 05. Januar 2020"",""08:01:57"",""16:35:54"",""12:18:55"",""08:33:57"",""nein"""
"""Montag, 06. Januar 2020"",""08:01:44"",""16:37:00"",""12:19:22"",""08:35:16"",""nein"""
"""Dienstag, 07. Januar 2020"",""08:01:29"",""16:38:08"",""12:19:48"",""08:36:39"",""nein"""
"""Mittwoch, 08. Januar 2020"",""08:01:10"",""16:39:18"",""12:20:14"",""08:38:08"",""nein"""
"""Donnerstag, 09. Januar 2020"",""08:00:49"",""16:40:30"",""12:20:39"",""08:39:41"",""nein"""
"""Freitag, 10. Januar 2020"",""08:00:25"",""16:41:43"",""12:21:04"",""08:41:18"",""nein"""
"""Samstag, 11. Januar 2020"",""07:59:58"",""16:42:59"",""12:21:28"",""08:43:01"",""nein"""
"""Sonntag, 12. Januar 2020"",""07:59:28"",""16:44:16"",""12:21:52"",""08:44:48"",""nein"""
"""Montag, 13. Januar 2020"",""07:58:55"",""16:45:34"",""12:22:15"",""08:46:39"",""nein"""
"""Dienstag, 14. Januar 2020"",""07:58:20"",""16:46:54"",""12:22:37"",""08:48:34"",""nein"""
"""Mittwoch, 15. Januar 2020"",""07:57:42"",""16:48:16"",""12:22:59"",""08:50:34"",""nein"""
"""Donnerstag, 16. Januar 2020"",""07:57:01"",""16:49:38"",""12:23:20"",""08:52:37"",""nein"""
"""Freitag, 17. Januar 2020"",""07:56:18"",""16:51:02"",""12:23:40"",""08:54:44"",""nein"""
"""Samstag, 18. Januar 2020"",""07:55:32"",""16:52:27"",""12:24:00"",""08:56:55"",""nein"""
"""Sonntag, 19. Januar 2020"",""07:54:44"",""16:53:54"",""12:24:19"",""08:59:10"",""nein"""
"""Montag, 20. Januar 2020"",""07:53:53"",""16:55:21"",""12:24:37"",""09:01:28"",""nein"""
"""Dienstag, 21. Januar 2020"",""07:53:00"",""16:56:49"",""12:24:55"",""09:03:49"",""nein"""
"""Mittwoch, 22. Januar 2020"",""07:52:04"",""16:58:19"",""12:25:11"",""09:06:15"",""nein"""
"""Donnerstag, 23. Januar 2020"",""07:51:06"",""16:59:49"",""12:25:27"",""09:08:43"",""nein"""
"""Freitag, 24. Januar 2020"",""07:50:05"",""17:01:20"",""12:25:42"",""09:11:15"",""nein"""
"""Samstag, 25. Januar 2020"",""07:49:02"",""17:02:51"",""12:25:57"",""09:13:49"",""nein"""
"""Sonntag, 26. Januar 2020"",""07:47:57"",""17:04:23"",""12:26:10"",""09:16:26"",""nein"""
"""Montag, 27. Januar 2020"",""07:46:50"",""17:05:56"",""12:26:23"",""09:19:06"",""nein"""
"""Dienstag, 28. Januar 2020"",""07:45:41"",""17:07:30"",""12:26:35"",""09:21:49"",""nein"""
"""Mittwoch, 29. Januar 2020"",""07:44:29"",""17:09:04"",""12:26:46"",""09:24:35"",""nein"""
"""Donnerstag, 30. Januar 2020"",""07:43:15"",""17:10:38"",""12:26:57"",""09:27:23"",""nein"""
"""Freitag, 31. Januar 2020"",""07:42:00"",""17:12:13"",""12:27:06"",""09:30:13"",""nein"""
"""Samstag, 01. Februar 2020"",""05:10:37"",""16:51:01"",""10:00:49"",""11:40:24"",""nein"""
"""Sonntag, 02. Februar 2020"",""05:10:30"",""16:51:24"",""10:00:57"",""11:40:54"",""nein"""
"""Montag, 03. Februar 2020"",""05:10:22"",""16:51:46"",""10:01:04"",""11:41:24"",""nein"""
"""Dienstag, 04. Februar 2020"",""05:10:13"",""16:52:08"",""10:01:11"",""11:41:55"",""nein"""
"""Mittwoch, 05. Februar 2020"",""05:10:03"",""16:52:29"",""10:01:16"",""11:42:26"",""nein"""
"""Donnerstag, 06. Februar 2020"",""05:09:52"",""16:52:49"",""10:01:21"",""11:42:57"",""nein"""
"""Freitag, 07. Februar 2020"",""05:09:40"",""16:53:09"",""10:01:25"",""11:43:29"",""nein"""
"""Samstag, 08. Februar 2020"",""05:09:27"",""16:53:29"",""10:01:28"",""11:44:02"",""nein"""
"""Sonntag, 09. Februar 2020"",""05:09:13"",""16:53:47"",""10:01:30"",""11:44:34"",""nein"""
"""Montag, 10. Februar 2020"",""05:08:59"",""16:54:05"",""10:01:32"",""11:45:06"",""nein"""
"""Dienstag, 11. Februar 2020"",""05:08:43"",""16:54:23"",""10:01:33"",""11:45:40"",""nein"""
"""Mittwoch, 12. Februar 2020"",""05:08:26"",""16:54:39"",""10:01:33"",""11:46:13"",""nein"""
"""Donnerstag, 13. Februar 2020"",""05:08:08"",""16:54:56"",""10:01:32"",""11:46:48"",""nein"""
"""Freitag, 14. Februar 2020"",""05:07:50"",""16:55:11"",""10:01:31"",""11:47:21"",""nein"""
"""Samstag, 15. Februar 2020"",""05:07:30"",""16:55:26"",""10:01:28"",""11:47:56"",""nein"""
"""Sonntag, 16. Februar 2020"",""05:07:10"",""16:55:41"",""10:01:25"",""11:48:31"",""nein"""
"""Montag, 17. Februar 2020"",""05:06:49"",""16:55:54"",""10:01:22"",""11:49:05"",""nein"""
"""Dienstag, 18. Februar 2020"",""05:06:27"",""16:56:08"",""10:01:17"",""11:49:41"",""nein"""
"""Mittwoch, 19. Februar 2020"",""05:06:04"",""16:56:20"",""10:01:12"",""11:50:16"",""nein"""
"""Donnerstag, 20. Februar 2020"",""05:05:41"",""16:56:32"",""10:01:07"",""11:50:51"",""nein"""
"""Freitag, 21. Februar 2020"",""05:05:16"",""16:56:44"",""10:01:00"",""11:51:28"",""nein"""
"""Samstag, 22. Februar 2020"",""05:04:51"",""16:56:55"",""10:00:53"",""11:52:04"",""nein"""
"""Sonntag, 23. Februar 2020"",""05:04:25"",""16:57:06"",""10:00:46"",""11:52:41"",""nein"""
"""Montag, 24. Februar 2020"",""05:03:59"",""16:57:16"",""10:00:37"",""11:53:17"",""nein"""
"""Dienstag, 25. Februar 2020"",""05:03:32"",""16:57:25"",""10:00:28"",""11:53:53"",""nein"""
"""Mittwoch, 26. Februar 2020"",""05:03:04"",""16:57:34"",""10:00:19"",""11:54:30"",""nein"""
"""Donnerstag, 27. Februar 2020"",""05:02:35"",""16:57:42"",""10:00:09"",""11:55:07"",""nein"""
"""Freitag, 28. Februar 2020"",""05:02:06"",""16:57:50"",""09:59:58"",""11:55:44"",""nein"""
"""Samstag, 29. Februar 2020"",""05:01:36"",""16:57:58"",""09:59:47"",""11:56:22"",""nein"""
"""Sonntag, 01. MŠrz 2020"",""05:01:06"",""16:58:05"",""09:59:36"",""11:56:59"",""nein"""
"""Montag, 02. MŠrz 2020"",""05:00:35"",""16:58:12"",""09:59:23"",""11:57:37"",""nein"""
"""Dienstag, 03. MŠrz 2020"",""05:00:04"",""16:58:18"",""09:59:11"",""11:58:14"",""nein"""
"""Mittwoch, 04. MŠrz 2020"",""04:59:32"",""16:58:24"",""09:58:58"",""11:58:52"",""nein"""
"""Donnerstag, 05. MŠrz 2020"",""04:58:59"",""16:58:29"",""09:58:44"",""11:59:30"",""nein"""
"""Freitag, 06. MŠrz 2020"",""04:58:26"",""16:58:34"",""09:58:30"",""12:00:08"",""nein"""
"""Samstag, 07. MŠrz 2020"",""04:57:53"",""16:58:39"",""09:58:16"",""12:00:46"",""nein"""
"""Sonntag, 08. MŠrz 2020"",""04:57:19"",""16:58:44"",""09:58:01"",""12:01:25"",""nein"""
"""Montag, 09. MŠrz 2020"",""04:56:45"",""16:58:48"",""09:57:46"",""12:02:03"",""nein"""
"""Dienstag, 10. MŠrz 2020"",""04:56:10"",""16:58:51"",""09:57:31"",""12:02:41"",""nein"""
"""Mittwoch, 11. MŠrz 2020"",""04:55:35"",""16:58:55"",""09:57:15"",""12:03:20"",""nein"""
"""Donnerstag, 12. MŠrz 2020"",""04:55:00"",""16:58:58"",""09:56:59"",""12:03:58"",""nein"""
"""Freitag, 13. MŠrz 2020"",""04:54:24"",""16:59:01"",""09:56:43"",""12:04:37"",""nein"""
"""Samstag, 14. MŠrz 2020"",""04:53:48"",""16:59:04"",""09:56:26"",""12:05:16"",""nein"""
"""Sonntag, 15. MŠrz 2020"",""04:53:12"",""16:59:06"",""09:56:09"",""12:05:54"",""nein"""
"""Montag, 16. MŠrz 2020"",""04:52:36"",""16:59:09"",""09:55:52"",""12:06:33"",""nein"""
"""Dienstag, 17. MŠrz 2020"",""04:51:59"",""16:59:11"",""09:55:35"",""12:07:12"",""nein"""
"""Mittwoch, 18. MŠrz 2020"",""04:51:22"",""16:59:13"",""09:55:18"",""12:07:51"",""nein"""
"""Donnerstag, 19. MŠrz 2020"",""04:50:46"",""16:59:15"",""09:55:00"",""12:08:29"",""nein"""
"""Freitag, 20. MŠrz 2020"",""04:50:08"",""16:59:16"",""09:54:42"",""12:09:08"",""nein"""
"""Samstag, 21. MŠrz 2020"",""04:49:31"",""16:59:18"",""09:54:24"",""12:09:47"",""nein"""
"""Sonntag, 22. MŠrz 2020"",""04:48:54"",""16:59:19"",""09:54:07"",""12:10:25"",""nein"""
"""Montag, 23. MŠrz 2020"",""04:48:17"",""16:59:21"",""09:53:49"",""12:11:04"",""nein"""
"""Dienstag, 24. MŠrz 2020"",""04:47:39"",""16:59:22"",""09:53:30"",""12:11:43"",""nein"""
"""Mittwoch, 25. MŠrz 2020"",""04:47:02"",""16:59:23"",""09:53:12"",""12:12:21"",""nein"""
"""Donnerstag, 26. MŠrz 2020"",""04:46:24"",""16:59:24"",""09:52:54"",""12:13:00"",""nein"""
"""Freitag, 27. MŠrz 2020"",""04:45:47"",""16:59:26"",""09:52:36"",""12:13:39"",""nein"""
"""Samstag, 28. MŠrz 2020"",""04:45:09"",""16:59:27"",""09:52:18"",""12:14:18"",""nein"""
"""Sonntag, 29. MŠrz 2020"",""05:44:32"",""17:59:28"",""10:52:00"",""12:14:56"",""ja"""
"""Montag, 30. MŠrz 2020"",""05:43:55"",""17:59:29"",""10:51:42"",""12:15:34"",""ja"""
"""Dienstag, 31. MŠrz 2020"",""05:43:18"",""17:59:31"",""10:51:24"",""12:16:13"",""ja"""
"""Mittwoch, 01. April 2020"",""06:49:13"",""19:45:46"",""13:17:30"",""12:56:33"",""ja"""
"""Donnerstag, 02. April 2020"",""06:47:11"",""19:47:13"",""13:17:12"",""13:00:02"",""ja"""
"""Freitag, 03. April 2020"",""06:45:08"",""19:48:41"",""13:16:55"",""13:03:33"",""ja"""
"""Samstag, 04. April 2020"",""06:43:07"",""19:50:08"",""13:16:37"",""13:07:01"",""ja"""
"""Sonntag, 05. April 2020"",""06:41:05"",""19:51:35"",""13:16:20"",""13:10:30"",""ja"""
"""Montag, 06. April 2020"",""06:39:04"",""19:53:02"",""13:16:03"",""13:13:58"",""ja"""
"""Dienstag, 07. April 2020"",""06:37:03"",""19:54:29"",""13:15:46"",""13:17:26"",""ja"""
"""Mittwoch, 08. April 2020"",""06:35:03"",""19:55:56"",""13:15:30"",""13:20:53"",""ja"""
"""Donnerstag, 09. April 2020"",""06:33:03"",""19:57:23"",""13:15:13"",""13:24:20"",""ja"""
"""Freitag, 10. April 2020"",""06:31:04"",""19:58:50"",""13:14:57"",""13:27:46"",""ja"""
"""Samstag, 11. April 2020"",""06:29:06"",""20:00:17"",""13:14:41"",""13:31:11"",""ja"""
"""Sonntag, 12. April 2020"",""06:27:08"",""20:01:44"",""13:14:26"",""13:34:36"",""ja"""
"""Montag, 13. April 2020"",""06:25:10"",""20:03:11"",""13:14:11"",""13:38:01"",""ja"""
"""Dienstag, 14. April 2020"",""06:23:14"",""20:04:38"",""13:13:56"",""13:41:24"",""ja"""
"""Mittwoch, 15. April 2020"",""06:21:18"",""20:06:06"",""13:13:42"",""13:44:48"",""ja"""
"""Donnerstag, 16. April 2020"",""06:19:23"",""20:07:33"",""13:13:28"",""13:48:10"",""ja"""
"""Freitag, 17. April 2020"",""06:17:28"",""20:09:00"",""13:13:14"",""13:51:32"",""ja"""
"""Samstag, 18. April 2020"",""06:15:34"",""20:10:27"",""13:13:01"",""13:54:53"",""ja"""
"""Sonntag, 19. April 2020"",""06:13:42"",""20:11:54"",""13:12:48"",""13:58:12"",""ja"""
"""Montag, 20. April 2020"",""06:11:50"",""20:13:20"",""13:12:35"",""14:01:30"",""ja"""
"""Dienstag, 21. April 2020"",""06:09:59"",""20:14:47"",""13:12:23"",""14:04:48"",""ja"""
"""Mittwoch, 22. April 2020"",""06:08:09"",""20:16:14"",""13:12:11"",""14:08:05"",""ja"""
"""Donnerstag, 23. April 2020"",""06:06:20"",""20:17:41"",""13:12:00"",""14:11:21"",""ja"""
"""Freitag, 24. April 2020"",""06:04:32"",""20:19:07"",""13:11:50"",""14:14:35"",""ja"""
"""Samstag, 25. April 2020"",""06:02:45"",""20:20:34"",""13:11:39"",""14:17:49"",""ja"""
"""Sonntag, 26. April 2020"",""06:00:59"",""20:22:00"",""13:11:30"",""14:21:01"",""ja"""
"""Montag, 27. April 2020"",""05:59:14"",""20:23:27"",""13:11:20"",""14:24:13"",""ja"""
"""Dienstag, 28. April 2020"",""05:57:31"",""20:24:53"",""13:11:12"",""14:27:22"",""ja"""
"""Mittwoch, 29. April 2020"",""05:55:48"",""20:26:19"",""13:11:03"",""14:30:31"",""ja"""
"""Donnerstag, 30. April 2020"",""05:54:07"",""20:27:44"",""13:10:56"",""14:33:37"",""ja"""
"""Freitag, 01. Mai 2020"",""05:26:57"",""18:01:51"",""10:44:24"",""12:34:54"",""ja"""
"""Samstag, 02. Mai 2020"",""05:26:34"",""18:02:01"",""10:44:17"",""12:35:27"",""ja"""
"""Sonntag, 03. Mai 2020"",""05:26:12"",""18:02:11"",""10:44:11"",""12:35:59"",""ja"""
"""Montag, 04. Mai 2020"",""05:25:51"",""18:02:21"",""10:44:06"",""12:36:30"",""ja"""
"""Dienstag, 05. Mai 2020"",""05:25:30"",""18:02:32"",""10:44:01"",""12:37:02"",""ja"""
"""Mittwoch, 06. Mai 2020"",""05:25:10"",""18:02:43"",""10:43:56"",""12:37:33"",""ja"""
"""Donnerstag, 07. Mai 2020"",""05:24:51"",""18:02:54"",""10:43:53"",""12:38:03"",""ja"""
"""Freitag, 08. Mai 2020"",""05:24:33"",""18:03:06"",""10:43:49"",""12:38:33"",""ja"""
"""Samstag, 09. Mai 2020"",""05:24:15"",""18:03:18"",""10:43:47"",""12:39:03"",""ja"""
"""Sonntag, 10. Mai 2020"",""05:23:59"",""18:03:30"",""10:43:44"",""12:39:31"",""ja"""
"""Montag, 11. Mai 2020"",""05:23:43"",""18:03:43"",""10:43:43"",""12:40:00"",""ja"""
"""Dienstag, 12. Mai 2020"",""05:23:28"",""18:03:56"",""10:43:42"",""12:40:28"",""ja"""
"""Mittwoch, 13. Mai 2020"",""05:23:13"",""18:04:09"",""10:43:41"",""12:40:56"",""ja"""
"""Donnerstag, 14. Mai 2020"",""05:23:00"",""18:04:23"",""10:43:41"",""12:41:23"",""ja"""
"""Freitag, 15. Mai 2020"",""05:22:47"",""18:04:37"",""10:43:42"",""12:41:50"",""ja"""
"""Samstag, 16. Mai 2020"",""05:22:35"",""18:04:51"",""10:43:43"",""12:42:16"",""ja"""
"""Sonntag, 17. Mai 2020"",""05:22:24"",""18:05:06"",""10:43:45"",""12:42:42"",""ja"""
"""Montag, 18. Mai 2020"",""05:22:14"",""18:05:21"",""10:43:48"",""12:43:07"",""ja"""
"""Dienstag, 19. Mai 2020"",""05:22:05"",""18:05:36"",""10:43:51"",""12:43:31"",""ja"""
"""Mittwoch, 20. Mai 2020"",""05:21:56"",""18:05:52"",""10:43:54"",""12:43:56"",""ja"""
"""Donnerstag, 21. Mai 2020"",""05:21:49"",""18:06:07"",""10:43:58"",""12:44:18"",""ja"""
"""Freitag, 22. Mai 2020"",""05:21:42"",""18:06:23"",""10:44:03"",""12:44:41"",""ja"""
"""Samstag, 23. Mai 2020"",""05:21:36"",""18:06:39"",""10:44:08"",""12:45:03"",""ja"""
"""Sonntag, 24. Mai 2020"",""05:21:31"",""18:06:56"",""10:44:13"",""12:45:25"",""ja"""
"""Montag, 25. Mai 2020"",""05:21:26"",""18:07:12"",""10:44:19"",""12:45:46"",""ja"""
"""Dienstag, 26. Mai 2020"",""05:21:23"",""18:07:29"",""10:44:26"",""12:46:06"",""ja"""
"""Mittwoch, 27. Mai 2020"",""05:21:20"",""18:07:46"",""10:44:33"",""12:46:26"",""ja"""
"""Donnerstag, 28. Mai 2020"",""05:21:18"",""18:08:03"",""10:44:40"",""12:46:45"",""ja"""
"""Freitag, 29. Mai 2020"",""05:21:17"",""18:08:20"",""10:44:48"",""12:47:03"",""ja"""
"""Samstag, 30. Mai 2020"",""05:21:17"",""18:08:37"",""10:44:57"",""12:47:20"",""ja"""
"""Sonntag, 31. Mai 2020"",""05:21:17"",""18:08:54"",""10:45:05"",""12:47:37"",""ja"""
"""Montag, 01. Juni 2020"",""05:21:18"",""18:09:11"",""10:45:15"",""12:47:53"",""ja"""
"""Dienstag, 02. Juni 2020"",""05:21:20"",""18:09:28"",""10:45:24"",""12:48:08"",""ja"""
"""Mittwoch, 03. Juni 2020"",""05:21:23"",""18:09:46"",""10:45:34"",""12:48:23"",""ja"""
"""Donnerstag, 04. Juni 2020"",""05:21:26"",""18:10:03"",""10:45:44"",""12:48:37"",""ja"""
"""Freitag, 05. Juni 2020"",""05:21:30"",""18:10:20"",""10:45:55"",""12:48:50"",""ja"""
"""Samstag, 06. Juni 2020"",""05:21:35"",""18:10:37"",""10:46:06"",""12:49:02"",""ja"""
"""Sonntag, 07. Juni 2020"",""05:21:41"",""18:10:54"",""10:46:17"",""12:49:13"",""ja"""
"""Montag, 08. Juni 2020"",""05:21:47"",""18:11:11"",""10:46:29"",""12:49:24"",""ja"""
"""Dienstag, 09. Juni 2020"",""05:21:54"",""18:11:28"",""10:46:41"",""12:49:34"",""ja"""
"""Mittwoch, 10. Juni 2020"",""05:22:01"",""18:11:44"",""10:46:53"",""12:49:43"",""ja"""
"""Donnerstag, 11. Juni 2020"",""05:22:09"",""18:12:00"",""10:47:05"",""12:49:51"",""ja"""
"""Freitag, 12. Juni 2020"",""05:22:18"",""18:12:17"",""10:47:17"",""12:49:59"",""ja"""
"""Samstag, 13. Juni 2020"",""05:22:27"",""18:12:32"",""10:47:30"",""12:50:05"",""ja"""
"""Sonntag, 14. Juni 2020"",""05:22:37"",""18:12:48"",""10:47:42"",""12:50:11"",""ja"""
"""Montag, 15. Juni 2020"",""05:22:47"",""18:13:03"",""10:47:55"",""12:50:16"",""ja"""
"""Dienstag, 16. Juni 2020"",""05:22:58"",""18:13:18"",""10:48:08"",""12:50:20"",""ja"""
"""Mittwoch, 17. Juni 2020"",""05:23:09"",""18:13:33"",""10:48:21"",""12:50:24"",""ja"""
"""Donnerstag, 18. Juni 2020"",""05:23:21"",""18:13:47"",""10:48:34"",""12:50:26"",""ja"""
"""Freitag, 19. Juni 2020"",""05:23:33"",""18:14:01"",""10:48:47"",""12:50:28"",""ja"""
"""Samstag, 20. Juni 2020"",""05:23:46"",""18:14:15"",""10:49:00"",""12:50:29"",""ja"""
"""Sonntag, 21. Juni 2020"",""05:23:59"",""18:14:28"",""10:49:13"",""12:50:29"",""ja"""
"""Montag, 22. Juni 2020"",""05:24:12"",""18:14:41"",""10:49:26"",""12:50:29"",""ja"""
"""Dienstag, 23. Juni 2020"",""05:24:26"",""18:14:53"",""10:49:39"",""12:50:27"",""ja"""
"""Mittwoch, 24. Juni 2020"",""05:24:40"",""18:15:04"",""10:49:52"",""12:50:24"",""ja"""
"""Donnerstag, 25. Juni 2020"",""05:24:55"",""18:15:15"",""10:50:05"",""12:50:20"",""ja"""
"""Freitag, 26. Juni 2020"",""05:25:09"",""18:15:26"",""10:50:18"",""12:50:17"",""ja"""
"""Samstag, 27. Juni 2020"",""05:25:24"",""18:15:36"",""10:50:30"",""12:50:12"",""ja"""
"""Sonntag, 28. Juni 2020"",""05:25:39"",""18:15:45"",""10:50:42"",""12:50:06"",""ja"""
"""Montag, 29. Juni 2020"",""05:25:55"",""18:15:54"",""10:50:54"",""12:49:59"",""ja"""
"""Dienstag, 30. Juni 2020"",""05:26:10"",""18:16:02"",""10:51:06"",""12:49:52"",""ja"""
"""Mittwoch, 01. Juli 2020"",""05:26:26"",""18:16:10"",""10:51:18"",""12:49:44"",""ja"""
"""Donnerstag, 02. Juli 2020"",""05:26:42"",""18:16:16"",""10:51:29"",""12:49:34"",""ja"""
"""Freitag, 03. Juli 2020"",""05:26:58"",""18:16:22"",""10:51:40"",""12:49:24"",""ja"""
"""Samstag, 04. Juli 2020"",""05:27:14"",""18:16:28"",""10:51:51"",""12:49:14"",""ja"""
"""Sonntag, 05. Juli 2020"",""05:27:30"",""18:16:33"",""10:52:01"",""12:49:03"",""ja"""
"""Montag, 06. Juli 2020"",""05:27:46"",""18:16:36"",""10:52:11"",""12:48:50"",""ja"""
"""Dienstag, 07. Juli 2020"",""05:28:02"",""18:16:40"",""10:52:21"",""12:48:38"",""ja"""
"""Mittwoch, 08. Juli 2020"",""05:28:18"",""18:16:42"",""10:52:30"",""12:48:24"",""ja"""
"""Donnerstag, 09. Juli 2020"",""05:28:34"",""18:16:44"",""10:52:39"",""12:48:10"",""ja"""
"""Freitag, 10. Juli 2020"",""05:28:50"",""18:16:44"",""10:52:47"",""12:47:54"",""ja"""
"""Samstag, 11. Juli 2020"",""05:29:06"",""18:16:45"",""10:52:55"",""12:47:39"",""ja"""
"""Sonntag, 12. Juli 2020"",""05:29:22"",""18:16:44"",""10:53:03"",""12:47:22"",""ja"""
"""Montag, 13. Juli 2020"",""05:29:38"",""18:16:42"",""10:53:10"",""12:47:04"",""ja"""
"""Dienstag, 14. Juli 2020"",""05:29:53"",""18:16:40"",""10:53:17"",""12:46:47"",""ja"""
"""Mittwoch, 15. Juli 2020"",""05:30:09"",""18:16:36"",""10:53:23"",""12:46:27"",""ja"""
"""Donnerstag, 16. Juli 2020"",""05:30:24"",""18:16:32"",""10:53:28"",""12:46:08"",""ja"""
"""Freitag, 17. Juli 2020"",""05:30:39"",""18:16:27"",""10:53:33"",""12:45:48"",""ja"""
"""Samstag, 18. Juli 2020"",""05:30:54"",""18:16:22"",""10:53:38"",""12:45:28"",""ja"""
"""Sonntag, 19. Juli 2020"",""05:31:09"",""18:16:15"",""10:53:42"",""12:45:06"",""ja"""
"""Montag, 20. Juli 2020"",""05:31:23"",""18:16:07"",""10:53:45"",""12:44:44"",""ja"""
"""Dienstag, 21. Juli 2020"",""05:31:37"",""18:15:59"",""10:53:48"",""12:44:22"",""ja"""
"""Mittwoch, 22. Juli 2020"",""05:31:51"",""18:15:50"",""10:53:50"",""12:43:59"",""ja"""
"""Donnerstag, 23. Juli 2020"",""05:32:04"",""18:15:40"",""10:53:52"",""12:43:36"",""ja"""
"""Freitag, 24. Juli 2020"",""05:32:17"",""18:15:28"",""10:53:53"",""12:43:11"",""ja"""
"""Samstag, 25. Juli 2020"",""05:32:30"",""18:15:17"",""10:53:53"",""12:42:47"",""ja"""
"""Sonntag, 26. Juli 2020"",""05:32:43"",""18:15:04"",""10:53:53"",""12:42:21"",""ja"""
"""Montag, 27. Juli 2020"",""05:32:55"",""18:14:50"",""10:53:53"",""12:41:55"",""ja"""
"""Dienstag, 28. Juli 2020"",""05:33:07"",""18:14:36"",""10:53:51"",""12:41:29"",""ja"""
"""Mittwoch, 29. Juli 2020"",""05:33:19"",""18:14:20"",""10:53:50"",""12:41:01"",""ja"""
"""Donnerstag, 30. Juli 2020"",""05:33:30"",""18:14:04"",""10:53:47"",""12:40:34"",""ja"""
"""Freitag, 31. Juli 2020"",""05:33:41"",""18:13:47"",""10:53:44"",""12:40:06"",""ja"""
"""Samstag, 01. August 2020"",""05:33:51"",""18:13:29"",""10:53:40"",""12:39:38"",""ja"""
"""Sonntag, 02. August 2020"",""05:34:01"",""18:13:11"",""10:53:36"",""12:39:10"",""ja"""
"""Montag, 03. August 2020"",""05:34:11"",""18:12:51"",""10:53:31"",""12:38:40"",""ja"""
"""Dienstag, 04. August 2020"",""05:34:20"",""18:12:31"",""10:53:25"",""12:38:11"",""ja"""
"""Mittwoch, 05. August 2020"",""05:34:29"",""18:12:10"",""10:53:19"",""12:37:41"",""ja"""
"""Donnerstag, 06. August 2020"",""05:34:37"",""18:11:48"",""10:53:13"",""12:37:11"",""ja"""
"""Freitag, 07. August 2020"",""05:34:45"",""18:11:25"",""10:53:05"",""12:36:40"",""ja"""
"""Samstag, 08. August 2020"",""05:34:53"",""18:11:02"",""10:52:57"",""12:36:09"",""ja"""
"""Sonntag, 09. August 2020"",""05:35:00"",""18:10:37"",""10:52:49"",""12:35:37"",""ja"""
"""Montag, 10. August 2020"",""05:35:07"",""18:10:12"",""10:52:40"",""12:35:05"",""ja"""
"""Dienstag, 11. August 2020"",""05:35:13"",""18:09:47"",""10:52:30"",""12:34:34"",""ja"""
"""Mittwoch, 12. August 2020"",""05:35:19"",""18:09:20"",""10:52:20"",""12:34:01"",""ja"""
"""Donnerstag, 13. August 2020"",""05:35:25"",""18:08:53"",""10:52:09"",""12:33:28"",""ja"""
"""Freitag, 14. August 2020"",""05:35:30"",""18:08:25"",""10:51:58"",""12:32:55"",""ja"""
"""Samstag, 15. August 2020"",""05:35:35"",""18:07:57"",""10:51:46"",""12:32:22"",""ja"""
"""Sonntag, 16. August 2020"",""05:35:40"",""18:07:28"",""10:51:34"",""12:31:48"",""ja"""
"""Montag, 17. August 2020"",""05:35:44"",""18:06:58"",""10:51:21"",""12:31:14"",""ja"""
"""Dienstag, 18. August 2020"",""05:35:47"",""18:06:27"",""10:51:07"",""12:30:40"",""ja"""
"""Mittwoch, 19. August 2020"",""05:35:51"",""18:05:56"",""10:50:53"",""12:30:05"",""ja"""
"""Donnerstag, 20. August 2020"",""05:35:54"",""18:05:24"",""10:50:39"",""12:29:30"",""ja"""
"""Freitag, 21. August 2020"",""05:35:56"",""18:04:52"",""10:50:24"",""12:28:56"",""ja"""
"""Samstag, 22. August 2020"",""05:35:59"",""18:04:19"",""10:50:09"",""12:28:20"",""ja"""
"""Sonntag, 23. August 2020"",""05:36:01"",""18:03:46"",""10:49:53"",""12:27:45"",""ja"""
"""Montag, 24. August 2020"",""05:36:02"",""18:03:12"",""10:49:37"",""12:27:10"",""ja"""
"""Dienstag, 25. August 2020"",""05:36:04"",""18:02:37"",""10:49:20"",""12:26:33"",""ja"""
"""Mittwoch, 26. August 2020"",""05:36:05"",""18:02:02"",""10:49:04"",""12:25:57"",""ja"""
"""Donnerstag, 27. August 2020"",""05:36:05"",""18:01:27"",""10:48:46"",""12:25:22"",""ja"""
"""Freitag, 28. August 2020"",""05:36:06"",""18:00:51"",""10:48:28"",""12:24:45"",""ja"""
"""Samstag, 29. August 2020"",""05:36:06"",""18:00:15"",""10:48:10"",""12:24:09"",""ja"""
"""Sonntag, 30. August 2020"",""05:36:06"",""17:59:38"",""10:47:52"",""12:23:32"",""ja"""
"""Montag, 31. August 2020"",""05:36:05"",""17:59:01"",""10:47:33"",""12:22:56"",""ja"""
"""Dienstag, 01. September 2020"",""05:36:05"",""17:58:24"",""10:47:14"",""12:22:19"",""ja"""
"""Mittwoch, 02. September 2020"",""05:36:04"",""17:57:46"",""10:46:55"",""12:21:42"",""ja"""
"""Donnerstag, 03. September 2020"",""05:36:03"",""17:57:08"",""10:46:35"",""12:21:05"",""ja"""
"""Freitag, 04. September 2020"",""05:36:02"",""17:56:29"",""10:46:15"",""12:20:27"",""ja"""
"""Samstag, 05. September 2020"",""05:36:00"",""17:55:50"",""10:45:55"",""12:19:50"",""ja"""
"""Sonntag, 06. September 2020"",""05:35:59"",""17:55:11"",""10:45:35"",""12:19:12"",""ja"""
"""Montag, 07. September 2020"",""05:35:57"",""17:54:32"",""10:45:14"",""12:18:35"",""ja"""
"""Dienstag, 08. September 2020"",""05:35:55"",""17:53:53"",""10:44:54"",""12:17:58"",""ja"""
"""Mittwoch, 09. September 2020"",""05:35:53"",""17:53:13"",""10:44:33"",""12:17:20"",""ja"""
"""Donnerstag, 10. September 2020"",""05:35:51"",""17:52:33"",""10:44:12"",""12:16:42"",""ja"""
"""Freitag, 11. September 2020"",""05:35:49"",""17:51:53"",""10:43:51"",""12:16:04"",""ja"""
"""Samstag, 12. September 2020"",""05:35:46"",""17:51:13"",""10:43:30"",""12:15:27"",""ja"""
"""Sonntag, 13. September 2020"",""05:35:44"",""17:50:33"",""10:43:08"",""12:14:49"",""ja"""
"""Montag, 14. September 2020"",""05:35:42"",""17:49:52"",""10:42:47"",""12:14:10"",""ja"""
"""Dienstag, 15. September 2020"",""05:35:39"",""17:49:12"",""10:42:26"",""12:13:33"",""ja"""
"""Mittwoch, 16. September 2020"",""05:35:37"",""17:48:31"",""10:42:04"",""12:12:54"",""ja"""
"""Donnerstag, 17. September 2020"",""05:35:34"",""17:47:51"",""10:41:43"",""12:12:17"",""ja"""
"""Freitag, 18. September 2020"",""05:35:32"",""17:47:10"",""10:41:21"",""12:11:38"",""ja"""
"""Samstag, 19. September 2020"",""05:35:30"",""17:46:30"",""10:41:00"",""12:11:00"",""ja"""
"""Sonntag, 20. September 2020"",""05:35:28"",""17:45:49"",""10:40:38"",""12:10:21"",""ja"""
"""Montag, 21. September 2020"",""05:35:25"",""17:45:09"",""10:40:17"",""12:09:44"",""ja"""
"""Dienstag, 22. September 2020"",""05:35:23"",""17:44:29"",""10:39:56"",""12:09:06"",""ja"""
"""Mittwoch, 23. September 2020"",""05:35:21"",""17:43:49"",""10:39:35"",""12:08:28"",""ja"""
"""Donnerstag, 24. September 2020"",""05:35:19"",""17:43:09"",""10:39:14"",""12:07:50"",""ja"""
"""Freitag, 25. September 2020"",""05:35:18"",""17:42:29"",""10:38:53"",""12:07:11"",""ja"""
"""Samstag, 26. September 2020"",""05:35:16"",""17:41:49"",""10:38:33"",""12:06:33"",""ja"""
"""Sonntag, 27. September 2020"",""05:35:15"",""17:41:10"",""10:38:12"",""12:05:55"",""ja"""
"""Montag, 28. September 2020"",""05:35:14"",""17:40:31"",""10:37:52"",""12:05:17"",""ja"""
"""Dienstag, 29. September 2020"",""05:35:13"",""17:39:52"",""10:37:32"",""12:04:39"",""ja"""
"""Mittwoch, 30. September 2020"",""05:35:12"",""17:39:13"",""10:37:13"",""12:04:01"",""ja"""
"""Donnerstag, 01. Oktober 2020"",""05:35:12"",""17:38:35"",""10:36:53"",""12:03:23"",""ja"""
"""Freitag, 02. Oktober 2020"",""05:35:12"",""17:37:57"",""10:36:34"",""12:02:45"",""ja"""
"""Samstag, 03. Oktober 2020"",""05:35:12"",""17:37:19"",""10:36:15"",""12:02:07"",""ja"""
"""Sonntag, 04. Oktober 2020"",""05:35:12"",""17:36:42"",""10:35:57"",""12:01:30"",""ja"""
"""Montag, 05. Oktober 2020"",""05:35:13"",""17:36:05"",""10:35:39"",""12:00:52"",""ja"""
"""Dienstag, 06. Oktober 2020"",""05:35:14"",""17:35:28"",""10:35:21"",""12:00:14"",""ja"""
"""Mittwoch, 07. Oktober 2020"",""05:35:16"",""17:34:52"",""10:35:04"",""11:59:36"",""ja"""
"""Donnerstag, 08. Oktober 2020"",""05:35:17"",""17:34:17"",""10:34:47"",""11:59:00"",""ja"""
"""Freitag, 09. Oktober 2020"",""05:35:20"",""17:33:42"",""10:34:31"",""11:58:22"",""ja"""
"""Samstag, 10. Oktober 2020"",""05:35:22"",""17:33:07"",""10:34:15"",""11:57:45"",""ja"""
"""Sonntag, 11. Oktober 2020"",""05:35:25"",""17:32:33"",""10:33:59"",""11:57:08"",""ja"""
"""Montag, 12. Oktober 2020"",""05:35:29"",""17:32:00"",""10:33:44"",""11:56:31"",""ja"""
"""Dienstag, 13. Oktober 2020"",""05:35:33"",""17:31:27"",""10:33:30"",""11:55:54"",""ja"""
"""Mittwoch, 14. Oktober 2020"",""05:35:37"",""17:30:54"",""10:33:16"",""11:55:17"",""ja"""
"""Donnerstag, 15. Oktober 2020"",""05:35:42"",""17:30:23"",""10:33:02"",""11:54:41"",""ja"""
"""Freitag, 16. Oktober 2020"",""05:35:48"",""17:29:52"",""10:32:50"",""11:54:04"",""ja"""
"""Samstag, 17. Oktober 2020"",""05:35:53"",""17:29:21"",""10:32:37"",""11:53:28"",""ja"""
"""Sonntag, 18. Oktober 2020"",""05:36:00"",""17:28:52"",""10:32:26"",""11:52:52"",""ja"""
"""Montag, 19. Oktober 2020"",""05:36:07"",""17:28:23"",""10:32:15"",""11:52:16"",""ja"""
"""Dienstag, 20. Oktober 2020"",""05:36:14"",""17:27:55"",""10:32:04"",""11:51:41"",""ja"""
"""Mittwoch, 21. Oktober 2020"",""05:36:22"",""17:27:27"",""10:31:55"",""11:51:05"",""ja"""
"""Donnerstag, 22. Oktober 2020"",""05:36:31"",""17:27:00"",""10:31:46"",""11:50:29"",""ja"""
"""Freitag, 23. Oktober 2020"",""05:36:40"",""17:26:35"",""10:31:37"",""11:49:55"",""ja"""
"""Samstag, 24. Oktober 2020"",""05:36:50"",""17:26:09"",""10:31:30"",""11:49:19"",""ja"""
"""Sonntag, 25. Oktober 2020"",""04:37:00"",""16:25:45"",""09:31:23"",""11:48:45"",""nein"""
"""Montag, 26. Oktober 2020"",""04:37:11"",""16:25:22"",""09:31:16"",""11:48:11"",""nein"""
"""Dienstag, 27. Oktober 2020"",""04:37:23"",""16:24:59"",""09:31:11"",""11:47:36"",""nein"""
"""Mittwoch, 28. Oktober 2020"",""04:37:35"",""16:24:38"",""09:31:06"",""11:47:03"",""nein"""
"""Donnerstag, 29. Oktober 2020"",""04:37:48"",""16:24:17"",""09:31:02"",""11:46:29"",""nein"""
"""Freitag, 30. Oktober 2020"",""04:38:01"",""16:23:57"",""09:30:59"",""11:45:56"",""nein"""
"""Samstag, 31. Oktober 2020"",""04:38:15"",""16:23:38"",""09:30:57"",""11:45:23"",""nein"""
"""Sonntag, 01. November 2020"",""04:38:30"",""16:23:20"",""09:30:55"",""11:44:50"",""nein"""
"""Montag, 02. November 2020"",""04:38:45"",""16:23:03"",""09:30:54"",""11:44:18"",""nein"""
"""Dienstag, 03. November 2020"",""04:39:01"",""16:22:47"",""09:30:54"",""11:43:46"",""nein"""
"""Mittwoch, 04. November 2020"",""04:39:18"",""16:22:32"",""09:30:55"",""11:43:14"",""nein"""
"""Donnerstag, 05. November 2020"",""04:39:35"",""16:22:18"",""09:30:57"",""11:42:43"",""nein"""
"""Freitag, 06. November 2020"",""04:39:53"",""16:22:05"",""09:30:59"",""11:42:12"",""nein"""
"""Samstag, 07. November 2020"",""04:40:12"",""16:21:53"",""09:31:02"",""11:41:41"",""nein"""
"""Sonntag, 08. November 2020"",""04:40:31"",""16:21:42"",""09:31:07"",""11:41:11"",""nein"""
"""Montag, 09. November 2020"",""04:40:51"",""16:21:32"",""09:31:12"",""11:40:41"",""nein"""
"""Dienstag, 10. November 2020"",""04:41:11"",""16:21:24"",""09:31:17"",""11:40:13"",""nein"""
"""Mittwoch, 11. November 2020"",""04:41:32"",""16:21:16"",""09:31:24"",""11:39:44"",""nein"""
"""Donnerstag, 12. November 2020"",""04:41:54"",""16:21:09"",""09:31:32"",""11:39:15"",""nein"""
"""Freitag, 13. November 2020"",""04:42:16"",""16:21:04"",""09:31:40"",""11:38:48"",""nein"""
"""Samstag, 14. November 2020"",""04:42:39"",""16:20:59"",""09:31:49"",""11:38:20"",""nein"""
"""Sonntag, 15. November 2020"",""04:43:03"",""16:20:56"",""09:31:59"",""11:37:53"",""nein"""
"""Montag, 16. November 2020"",""04:43:27"",""16:20:54"",""09:32:10"",""11:37:27"",""nein"""
"""Dienstag, 17. November 2020"",""04:43:52"",""16:20:52"",""09:32:22"",""11:37:00"",""nein"""
"""Mittwoch, 18. November 2020"",""04:44:17"",""16:20:52"",""09:32:35"",""11:36:35"",""nein"""
"""Donnerstag, 19. November 2020"",""04:44:43"",""16:20:53"",""09:32:48"",""11:36:10"",""nein"""
"""Freitag, 20. November 2020"",""04:45:09"",""16:20:55"",""09:33:02"",""11:35:46"",""nein"""
"""Samstag, 21. November 2020"",""04:45:36"",""16:20:59"",""09:33:17"",""11:35:23"",""nein"""
"""Sonntag, 22. November 2020"",""04:46:03"",""16:21:03"",""09:33:33"",""11:35:00"",""nein"""
"""Montag, 23. November 2020"",""04:46:31"",""16:21:08"",""09:33:50"",""11:34:37"",""nein"""
"""Dienstag, 24. November 2020"",""04:46:59"",""16:21:15"",""09:34:07"",""11:34:16"",""nein"""
"""Mittwoch, 25. November 2020"",""04:47:28"",""16:21:23"",""09:34:25"",""11:33:55"",""nein"""
"""Donnerstag, 26. November 2020"",""04:47:57"",""16:21:31"",""09:34:44"",""11:33:34"",""nein"""
"""Freitag, 27. November 2020"",""04:48:27"",""16:21:41"",""09:35:04"",""11:33:14"",""nein"""
"""Samstag, 28. November 2020"",""04:48:57"",""16:21:52"",""09:35:24"",""11:32:55"",""nein"""
"""Sonntag, 29. November 2020"",""04:49:27"",""16:22:04"",""09:35:45"",""11:32:37"",""nein"""
"""Montag, 30. November 2020"",""04:49:58"",""16:22:16"",""09:36:07"",""11:32:18"",""nein"""
"""Dienstag, 01. Dezember 2020"",""04:50:29"",""16:22:30"",""09:36:29"",""11:32:01"",""nein"""
"""Mittwoch, 02. Dezember 2020"",""04:51:00"",""16:22:45"",""09:36:52"",""11:31:45"",""nein"""
"""Donnerstag, 03. Dezember 2020"",""04:51:31"",""16:23:01"",""09:37:16"",""11:31:30"",""nein"""
"""Freitag, 04. Dezember 2020"",""04:52:03"",""16:23:18"",""09:37:40"",""11:31:15"",""nein"""
"""Samstag, 05. Dezember 2020"",""04:52:34"",""16:23:36"",""09:38:05"",""11:31:02"",""nein"""
"""Sonntag, 06. Dezember 2020"",""04:53:06"",""16:23:54"",""09:38:30"",""11:30:48"",""nein"""
"""Montag, 07. Dezember 2020"",""04:53:38"",""16:24:14"",""09:38:56"",""11:30:36"",""nein"""
"""Dienstag, 08. Dezember 2020"",""04:54:10"",""16:24:34"",""09:39:22"",""11:30:24"",""nein"""
"""Mittwoch, 09. Dezember 2020"",""04:54:43"",""16:24:56"",""09:39:49"",""11:30:13"",""nein"""
"""Donnerstag, 10. Dezember 2020"",""04:55:15"",""16:25:18"",""09:40:16"",""11:30:03"",""nein"""
"""Freitag, 11. Dezember 2020"",""04:55:47"",""16:25:41"",""09:40:44"",""11:29:54"",""nein"""
"""Samstag, 12. Dezember 2020"",""04:56:19"",""16:26:05"",""09:41:12"",""11:29:46"",""nein"""
"""Sonntag, 13. Dezember 2020"",""04:56:51"",""16:26:29"",""09:41:40"",""11:29:38"",""nein"""
"""Montag, 14. Dezember 2020"",""04:57:23"",""16:26:55"",""09:42:09"",""11:29:32"",""nein"""
"""Dienstag, 15. Dezember 2020"",""04:57:55"",""16:27:21"",""09:42:38"",""11:29:26"",""nein"""
"""Mittwoch, 16. Dezember 2020"",""04:58:26"",""16:27:47"",""09:43:07"",""11:29:21"",""nein"""
"""Donnerstag, 17. Dezember 2020"",""04:58:57"",""16:28:15"",""09:43:36"",""11:29:18"",""nein"""
"""Freitag, 18. Dezember 2020"",""04:59:28"",""16:28:43"",""09:44:06"",""11:29:15"",""nein"""
"""Samstag, 19. Dezember 2020"",""04:59:59"",""16:29:11"",""09:44:35"",""11:29:12"",""nein"""
"""Sonntag, 20. Dezember 2020"",""05:00:30"",""16:29:40"",""09:45:05"",""11:29:10"",""nein"""
"""Montag, 21. Dezember 2020"",""05:01:00"",""16:30:10"",""09:45:35"",""11:29:10"",""nein"""
"""Dienstag, 22. Dezember 2020"",""05:01:29"",""16:30:40"",""09:46:05"",""11:29:11"",""nein"""
"""Mittwoch, 23. Dezember 2020"",""05:01:58"",""16:31:10"",""09:46:34"",""11:29:12"",""nein"""
"""Donnerstag, 24. Dezember 2020"",""05:02:27"",""16:31:41"",""09:47:04"",""11:29:14"",""nein"""
"""Freitag, 25. Dezember 2020"",""05:02:55"",""16:32:13"",""09:47:34"",""11:29:18"",""nein"""
"""Samstag, 26. Dezember 2020"",""05:03:23"",""16:32:44"",""09:48:04"",""11:29:21"",""nein"""
"""Sonntag, 27. Dezember 2020"",""05:03:50"",""16:33:16"",""09:48:33"",""11:29:26"",""nein"""
"""Montag, 28. Dezember 2020"",""05:04:17"",""16:33:48"",""09:49:02"",""11:29:31"",""nein"""
"""Dienstag, 29. Dezember 2020"",""05:04:43"",""16:34:21"",""09:49:32"",""11:29:38"",""nein"""
"""Mittwoch, 30. Dezember 2020"",""05:05:08"",""16:34:53"",""09:50:01"",""11:29:45"",""nein"""
"""Donnerstag, 31. Dezember 2020"",""05:05:32"",""16:35:26"",""09:50:29"",""11:29:54"",""nein"""